{"cameraMode":{"drawMode":0,"name":"Shaded","section":"Shading Mode"},"sceneLighting":true,"audioPlay":false,"sceneViewState":{"m_AlwaysRefresh":false,"showFog":true,"showSkybox":true,"showFlares":true,"showImageEffects":true,"showParticleSystems":true,"showVisualEffectGraphs":true,"m_FxEnabled":true},"in2DMode":false,"pivot":{"x":164.36837768554688,"y":-165.57545471191407,"z":154.6678466796875},"rotation":{"x":-0.30761924386024477,"y":-0.19594481587409974,"z":0.06489144265651703,"w":-0.9288640022277832},"size":194.48622131347657,"orthographic":false}